ID,COMPANY,DEPARTMENT,NAME
1,楚天云,云事业部,张三
2,楚天云,云事业部,张三
3,楚天云,云事业部,张三
4,楚天云,云事业部,张三
5,楚天云,云事业部,张三
6,楚天云,云事业部,张三
7,楚天云,云事业部,张三
8,楚天云,云事业部,张三
9,楚天云,云事业部,张三
10,楚天云,云事业部,张三
11,楚天云,云事业部,张三
12,楚天云,云事业部,张三
13,楚天云,云事业部,张三
14,楚天云,云事业部,张三
15,楚天云,云事业部,张三
16,楚天云,云事业部,张三
17,楚天云,云事业部,张三
18,楚天云,云事业部,张三
19,楚天云,云事业部,张三
20,楚天云,云事业部,张三
21,楚天云,云事业部,张三
22,楚天云,云事业部,张三
23,楚天云,云事业部,张三
24,楚天云,云事业部,张三
25,楚天云,云事业部,张三
26,楚天云,云事业部,张三
27,楚天云,云事业部,张三
28,楚天云,云事业部,张三
29,楚天云,云事业部,张三
30,楚天云,云事业部,张三
31,楚天云,云事业部,张三
32,楚天云,云事业部,张三
33,楚天云,云事业部,张三
34,楚天云,云事业部,张三
35,楚天云,云事业部,张三
36,楚天云,云事业部,张三
37,楚天云,云事业部,张三
38,楚天云,云事业部,张三
39,楚天云,云事业部,张三